date,open,high,low,close,volume
2020-12-11,61.0,71.91,48.98,58.9,9249222.0
2020-12-14,56.9262,60.6905,50.0,50.01,1487276.0
2020-12-15,50.81,52.21,45.26,46.99,3957992.0
2020-12-16,47.13,49.73,42.15,47.53,1688698.0
2020-12-17,48.54,50.5,48.14,48.6,636322.0
2020-12-18,49.2,49.8,48.16,49.22,424815.0
2020-12-21,48.5,48.99,43.6316,45.3,912680.0
2020-12-22,47.62,47.99,42.565,47.12,970373.0
2020-12-23,45.68,45.99,42.6,43.26,1407058.0
2020-12-24,43.26,44.0,40.85,42.42,607747.0
2020-12-28,42.65,42.96,38.3,40.55,1101555.0
2020-12-29,41.13,41.5,38.0,39.0,1672019.0
2020-12-30,38.59,41.1,37.62,41.1,851306.0
2020-12-31,41.45,41.5,38.6,40.24,1200980.0
2021-01-04,40.0,40.3,38.775,39.1,1122039.0
2021-01-05,38.81,39.5,37.7,38.51,1727152.0
2021-01-06,38.75,40.05,36.82,39.61,2752783.0
2021-01-07,40.7,40.96,38.64,39.32,992754.0
2021-01-08,39.32,42.48,38.78,39.72,1076722.0
2021-01-11,40.36,40.5,36.27,36.59,872651.0
2021-01-12,37.0,40.35,36.7701,39.95,1447330.0
2021-01-13,39.9,44.9899,39.72,43.88,1914280.0
2021-01-14,44.39,47.0,41.46,46.64,965054.0
2021-01-15,45.51,46.55,44.07,44.41,1000888.0
2021-01-19,44.94,49.32,44.94,49.08,1252178.0
2021-01-20,49.53,49.74,47.5,48.2,475537.0
2021-01-21,49.0,51.49,48.07,50.9,1003831.0
2021-01-22,50.04,51.3583,49.08,50.5,694532.0
2021-01-25,51.2,51.24,46.43,48.79,478824.0
2021-01-26,49.29,49.96,46.0558,47.77,500142.0
2021-01-27,45.89,48.92,45.1,46.85,687259.0
2021-01-28,46.45,52.5,46.14,51.5,998935.0
2021-01-29,52.1,55.22,50.3301,52.83,1070405.0
2021-02-01,53.25,54.2597,52.86,53.2,1248178.0
2021-02-02,53.19,54.0,47.5209,47.95,743728.0
2021-02-03,49.72,49.97,48.15,48.55,579603.0
2021-02-04,49.0,49.0758,46.0,46.58,373990.0
2021-02-05,46.9,47.45,45.6802,46.55,458800.0
2021-02-08,49.0,49.37,44.57,45.03,580107.0
2021-02-09,47.75,49.7,46.175,47.0,973518.0
2021-02-10,53.0,53.03,46.97,46.99,1119759.0
2021-02-11,48.0,48.41,44.5887,46.0,807339.0
2021-02-12,46.2,46.2,42.66,42.97,714656.0
2021-02-16,44.1978,44.7,42.6001,44.04,1443125.0
2021-02-17,44.2,46.72,43.5201,45.64,607743.0
2021-02-18,45.65,45.65,43.36,43.8,499360.0
2021-02-19,43.56,45.44,43.56,44.07,415947.0
2021-02-22,44.25,44.95,39.8,40.37,596428.0
2021-02-23,39.61,40.0,35.7301,38.83,911360.0
2021-02-24,40.91,41.36,39.56,40.1,661193.0
2021-02-25,40.38,41.65,38.7,39.06,480863.0
2021-02-26,38.95,39.2739,36.24,37.71,796078.0
2021-03-01,38.46,40.6,38.46,39.69,291396.0
2021-03-02,39.7,40.13,37.41,38.0,300926.0
2021-03-03,39.0,39.0,35.5,35.67,493198.0
2021-03-04,35.5,35.5,29.569,30.05,2272546.0
2021-03-05,30.5099,31.7364,26.1601,28.61,1793973.0
2021-03-08,31.19,31.4684,26.375,26.76,930293.0
2021-03-09,28.71,31.17,27.89,30.64,1005814.0
2021-03-10,31.03,32.89,30.2101,32.22,941362.0
2021-03-11,34.22,36.22,32.9,36.0,1066128.0
2021-03-12,36.21,36.845,34.85,36.54,432782.0
2021-03-15,37.41,38.25,36.45,37.55,891669.0
2021-03-16,37.87,39.19,37.35,37.88,963949.0
2021-03-17,36.55,36.9099,34.745,36.29,446013.0
2021-03-18,36.0,36.15,30.7501,31.37,1089417.0
2021-03-19,31.5,32.19,30.81,31.2,859039.0
2021-03-22,31.99,32.34,30.22,30.58,543200.0
2021-03-23,30.65,30.77,28.5,29.23,565435.0
2021-03-24,29.47,29.97,27.61,27.79,634984.0
2021-03-25,27.05,28.0,26.19,26.58,1788296.0
2021-03-26,26.8984,27.11,24.07,24.75,1703207.0
2021-03-29,25.2658,25.9999,23.2,23.29,1366504.0
2021-03-30,27.52,27.947,24.57,26.68,3580189.0
2021-03-31,28.2,36.7799,27.5,33.96,3243933.0
2021-04-01,36.25,39.06,30.0001,30.71,4230924.0
2021-04-05,31.71,31.78,27.9,28.09,1648203.0
2021-04-06,28.0,29.14,26.77,29.0,1432111.0
2021-04-07,28.41,31.32,27.86,31.29,1443216.0
2021-04-08,30.79,31.62,29.63,30.59,814110.0
2021-04-09,29.96,30.75,27.61,28.35,2392322.0
2021-04-12,28.115,28.68,26.8,27.92,1606095.0
2021-04-13,27.98,28.81,27.32,28.26,886076.0
2021-04-14,28.22,30.64,27.72,28.25,1170798.0
2021-04-15,29.62,30.24,28.43,29.0,1795796.0
2021-04-16,29.31,30.64,28.35,29.82,690745.0
2021-04-19,29.21,29.904,29.1011,29.65,698352.0
2021-04-20,29.64,29.76,27.01,27.73,1617267.0
2021-04-21,27.8,29.3,27.3762,29.06,814849.0
2021-04-22,29.5,29.98,28.26,29.23,439128.0
2021-04-23,28.76,29.89,28.76,29.33,415541.0
2021-04-26,29.55,31.81,29.132,31.6,679672.0
2021-04-27,31.31,31.445,29.18,29.48,855439.0
2021-04-28,29.0,30.62,28.96,30.03,516122.0
2021-04-29,30.06,30.3,28.66,28.78,719070.0
2021-04-30,28.63,29.07,26.5,26.65,1062202.0
2021-05-03,27.0,27.22,25.5,26.0,696998.0
2021-05-04,25.83,28.51,25.58,28.0,1719602.0
2021-05-05,28.72,30.35,28.53,29.42,1360628.0
2021-05-06,28.5017,29.01,27.55,28.7,850458.0
2021-05-07,28.4,29.9,28.2,29.09,484657.0
2021-05-10,28.89,29.09,27.56,27.67,784445.0
2021-05-11,26.5,28.4988,26.25,28.25,577889.0
2021-05-12,28.0,30.97,27.73,30.72,906771.0
2021-05-13,29.67,35.0,29.67,34.14,1797991.0
2021-05-14,31.75,32.88,30.5,31.75,902161.0
2021-05-17,31.5,36.05,31.5,34.17,896160.0
2021-05-18,33.87,34.0,32.6,32.99,659579.0
2021-05-19,32.56,32.57,31.32,32.35,327194.0
2021-05-20,32.35,32.96,31.13,31.79,365210.0
2021-05-21,31.21,32.7007,31.21,32.03,409539.0
2021-05-24,31.84,33.2287,31.84,32.62,343711.0
2021-05-25,32.26,33.6376,32.06,32.56,800149.0
2021-05-26,32.31,32.56,28.11,28.5,1947732.0
2021-05-27,28.2,28.5,26.78,27.15,1581894.0
2021-05-28,27.3,28.36,26.65,26.83,1238702.0
2021-06-01,27.25,27.47,26.05,26.44,1149458.0
2021-06-02,26.5,27.6,26.16,26.87,928751.0
2021-06-03,26.7,26.9342,25.17,25.57,1042451.0
2021-06-04,25.69,26.0045,25.2,25.97,769830.0
2021-06-07,25.8,27.4603,25.62,26.23,815165.0
2021-06-08,26.31,26.83,24.75,24.98,1328751.0
2021-06-09,23.5,24.84,23.25,23.84,3872647.0
2021-06-10,24.475,25.02,23.85,24.84,3645825.0
2021-06-11,25.47,26.49,24.99,25.9,4290240.0
2021-06-14,26.6021,26.6021,24.18,24.55,3569452.0
2021-06-15,24.88,24.88,23.47,23.53,2295977.0
2021-06-16,23.6,24.0,22.88,23.04,1900305.0
2021-06-17,23.01,23.09,22.35,22.81,2114562.0
2021-06-18,22.8,23.4,22.345,23.19,2929406.0
2021-06-21,23.2,23.23,21.83,22.72,2506795.0
2021-06-22,22.5,22.85,21.9327,22.07,1539317.0
2021-06-23,21.0,21.77,19.8,21.71,6377653.0
2021-06-24,22.2741,22.38,20.8,21.26,3417107.0
2021-06-25,21.12,21.2,20.15,20.74,3134732.0
2021-06-28,20.54,20.8327,20.05,20.19,2760848.0
2021-06-29,20.36,21.4,20.12,21.28,2300298.0
2021-06-30,21.29,22.4997,20.83,22.0,2137207.0
2021-07-01,22.51,22.51,20.5,20.56,1963372.0
2021-07-02,20.22,20.59,19.83,20.48,1781991.0
2021-07-06,20.46,21.1,19.575,19.62,1840657.0
2021-07-07,19.8,19.9,18.3,19.0,3085765.0
2021-07-08,18.49,18.77,17.88,18.52,1897244.0
2021-07-09,18.75,19.42,17.91,19.37,1782234.0
2021-07-12,19.39,20.2,18.62,18.65,1150584.0
2021-07-13,18.58,18.67,17.78,17.83,1624967.0
2021-07-14,17.83,18.07,16.75,16.88,2871574.0
2021-07-15,17.14,17.29,16.3,16.53,2254809.0
2021-07-16,16.51,17.02,16.06,16.93,1544584.0
2021-07-19,16.58,16.9499,16.08,16.42,1195905.0
2021-07-20,16.3,16.59,15.8,16.34,1168810.0
2021-07-21,16.37,16.97,16.36,16.62,893097.0
2021-07-22,16.75,16.8612,16.0,16.03,1029817.0
2021-07-23,16.05,16.35,15.72,15.79,1387506.0
2021-07-26,15.88,16.44,15.01,15.39,1914475.0
2021-07-27,15.35,15.45,14.51,14.85,1993625.0
2021-07-28,14.95,16.4299,14.93,16.08,1990669.0
2021-07-29,16.2,16.55,15.39,15.62,1289361.0
2021-07-30,15.6,16.17,15.08,15.17,1014682.0
2021-08-02,15.35,16.31,15.2627,15.82,1000642.0
2021-08-03,16.0,16.0,15.35,15.75,1029181.0
2021-08-04,15.77,15.77,15.06,15.23,1159453.0
2021-08-05,15.4721,15.83,15.1,15.61,1228261.0
2021-08-06,15.85,15.85,14.775,14.97,1636573.0
2021-08-09,15.03,16.49,14.98,16.2,1848510.0
2021-08-10,16.5,16.58,15.16,15.59,1756899.0
2021-08-11,15.63,15.735,14.93,15.28,1471135.0
2021-08-12,15.28,15.95,15.11,15.19,1865147.0
2021-08-13,15.0,18.95,15.0,17.89,9966690.0
2021-08-16,17.83,17.94,16.68,17.66,2014998.0
2021-08-17,16.66,17.22,15.5,16.59,3084146.0
2021-08-18,16.98,17.26,16.36,16.75,2366094.0
2021-08-19,16.5,16.5,15.45,15.79,3200083.0
2021-08-20,15.8,16.28,15.52,16.04,1470478.0
2021-08-23,16.49,17.17,16.15,16.91,1524639.0
2021-08-24,17.09,17.29,16.8,17.06,1030493.0
2021-08-25,17.07,18.3399,16.96,17.65,1856547.0
2021-08-26,17.82,17.8553,16.86,17.37,933810.0
2021-08-27,17.35,18.16,17.04,17.58,1682360.0
2021-08-30,17.86,17.99,16.9,17.35,1032100.0
2021-08-31,17.5,17.605,16.62,16.78,1710656.0
2021-09-01,16.78,17.41,16.545,16.93,1567631.0
2021-09-02,17.14,17.68,16.78,17.55,1315529.0
2021-09-03,17.6612,19.12,17.44,18.74,3005023.0
2021-09-07,19.46,19.52,18.7,18.95,2866451.0
2021-09-08,19.035,19.24,18.11,18.24,1432360.0
2021-09-09,18.24,18.59,17.96,18.43,1135286.0
2021-09-10,19.72,19.72,18.51,18.99,1588594.0
2021-09-13,18.93,18.99,17.6275,17.73,2875112.0
2021-09-14,17.8,17.96,17.4,17.56,1982913.0
2021-09-15,19.18,19.54,17.95,18.81,7188110.0
2021-09-16,18.79,19.88,18.37,19.8,6508789.0
2021-09-17,22.63,22.6337,19.81,20.36,14636227.0
2021-09-20,19.37,21.29,19.17,20.65,4906015.0
2021-09-21,20.53,21.1787,19.75,21.08,3426074.0
2021-09-22,21.21,21.62,20.62,21.34,3220894.0
2021-09-23,21.41,22.0879,20.68,21.15,3962837.0
2021-09-24,21.0,21.31,20.76,21.15,1663151.0
2021-09-27,21.17,21.46,20.47,20.99,2619165.0
2021-09-28,20.57,20.68,19.3275,19.61,3738078.0
2021-09-29,19.69,20.02,19.11,19.45,1262410.0
2021-09-30,19.4,20.3,19.12,20.04,1558781.0
2021-10-01,19.06,19.41,16.765,17.2,8070482.0
2021-10-04,16.98,17.0,16.22,16.43,2086827.0
2021-10-05,16.43,16.88,16.18,16.53,1672736.0
2021-10-06,16.18,16.29,15.45,15.55,2424094.0
2021-10-07,15.67,16.2,15.41,15.78,1827682.0
2021-10-08,15.79,15.9,15.24,15.37,1797165.0
2021-10-11,15.39,15.41,14.8,14.85,2016420.0
2021-10-12,14.9,15.35,14.78,15.12,1215921.0
2021-10-13,15.15,15.58,14.97,15.52,1224436.0
2021-10-14,15.58,16.37,15.54,15.91,1304131.0
2021-10-15,15.96,16.02,15.4,15.53,1076329.0
2021-10-18,15.42,15.75,15.17,15.28,1075783.0
2021-10-19,15.3,16.3782,15.3,15.97,1395284.0
2021-10-20,15.99,16.12,15.79,16.04,717776.0
2021-10-21,15.99,16.49,15.98,16.3,974846.0
2021-10-22,16.16,16.2011,15.6,15.97,839467.0
2021-10-25,15.92,16.51,15.92,16.47,997465.0
2021-10-26,16.16,16.47,15.41,15.58,2001764.0
2021-10-27,15.54,15.73,15.03,15.37,1068864.0
2021-10-28,15.39,16.05,15.19,15.92,1239616.0
2021-10-29,15.75,16.219,15.62,15.71,799266.0
2021-11-01,15.77,17.25,15.76,17.03,1645573.0
2021-11-02,16.96,17.9,16.57,17.73,1770945.0
2021-11-03,17.93,17.93,17.2,17.62,898478.0
2021-11-04,17.57,17.7,16.96,17.37,775598.0
2021-11-05,15.91,16.15,15.0,15.09,5201336.0
2021-11-08,15.19,15.65,15.155,15.33,2193552.0
2021-11-09,15.4,15.5,14.66,14.71,2338195.0
2021-11-10,13.54,15.13,13.18,14.14,3332081.0
2021-11-11,14.22,15.11,14.21,15.05,1724808.0
2021-11-12,15.13,15.51,14.78,15.02,2062063.0
2021-11-15,15.57,16.77,15.51,16.39,3135438.0
2021-11-16,16.3,16.68,15.94,16.36,1600283.0
2021-11-17,16.25,16.25,14.65,14.82,2108051.0
2021-11-18,15.0,15.31,14.75,15.31,1442866.0
2021-11-19,15.57,15.9,15.13,15.8,1819028.0
2021-11-22,15.78,15.79,14.32,14.42,1826915.0
2021-11-23,14.33,14.39,13.47,13.96,1809780.0
2021-11-24,13.91,14.45,13.6,14.44,774736.0
2021-11-26,14.45,14.47,13.75,13.99,1096105.0
2021-11-29,14.22,14.27,13.73,14.1,1376007.0
2021-11-30,14.0,15.3507,13.96,14.96,2263790.0
2021-12-01,14.79,15.17,14.5,14.58,1509578.0
2021-12-02,14.38,14.9149,14.09,14.83,1140429.0
2021-12-03,14.87,14.94,13.69,14.02,2936662.0
2021-12-06,13.92,13.92,13.02,13.5,2532988.0
2021-12-07,13.68,14.61,13.68,14.55,1878404.0
2021-12-08,14.66,15.37,14.4589,15.12,1923686.0
2021-12-09,15.07,15.1,14.5,14.55,946816.0
2021-12-10,14.45,14.93,13.81,13.97,2007268.0
2021-12-13,14.11,14.45,13.43,13.78,1864365.0
2021-12-14,13.53,13.75,13.12,13.16,2010237.0
2021-12-15,13.12,13.2284,12.2,12.99,3512439.0
2021-12-16,12.47,13.76,12.47,13.69,3896900.0
2021-12-17,13.93,15.55,13.27,14.98,5273583.0
2021-12-20,14.58,15.28,14.36,14.6,1409907.0
2021-12-21,14.92,15.7999,14.6,15.74,1510888.0
2021-12-22,15.53,15.9,15.14,15.4,1014467.0
2021-12-23,15.43,15.4879,14.51,14.93,1765783.0
2021-12-27,14.93,15.65,14.71,14.75,1374917.0
2021-12-28,14.6,14.74,13.705,13.71,1622796.0
2021-12-29,13.64,13.95,13.3,13.67,2014519.0
2021-12-30,13.68,14.7,13.585,14.34,2779456.0
2021-12-31,14.34,14.93,14.22,14.3,1022109.0
2022-01-03,14.47,14.79,13.93,14.14,1022767.0
2022-01-04,14.28,14.28,13.0408,13.27,1943083.0
2022-01-05,13.32,13.56,12.23,12.26,1952131.0
2022-01-06,12.3163,12.4,11.432,12.09,2127164.0
2022-01-07,12.17,12.59,11.5,11.82,1573070.0
2022-01-10,11.71,11.93,11.005,11.88,1961910.0
2022-01-11,11.94,12.45,11.765,12.06,2263783.0
2022-01-12,12.3,12.345,11.63,11.67,1204996.0
2022-01-13,11.61,11.63,10.83,10.86,2121048.0
2022-01-14,10.77,10.8,9.92,10.05,3533317.0
2022-01-18,9.96,10.03,9.6,9.71,3792229.0
2022-01-19,9.82,10.09,9.39,9.42,1777500.0
2022-01-20,9.51,9.79,9.05,9.08,1577858.0
2022-01-21,9.1195,9.1195,8.51,8.64,2611417.0
2022-01-24,8.46,8.61,7.42,8.57,4980145.0
2022-01-25,8.4,8.74,8.1,8.37,1566803.0
2022-01-26,8.63,8.67,7.78,7.81,2465820.0
2022-01-27,8.05,8.05,7.6211,7.77,2161898.0
2022-01-28,8.22,8.62,7.71,8.59,2707532.0
2022-01-31,8.64,9.09,8.64,8.99,1941175.0
2022-02-01,9.1,9.53,8.77,9.31,1694550.0
2022-02-02,9.385,9.435,9.08,9.28,2889793.0
2022-02-03,9.1,9.55,8.95,9.34,2552428.0
2022-02-04,9.23,9.47,9.0,9.3,1827795.0
2022-02-07,9.3,9.75,9.25,9.46,1311598.0
2022-02-08,9.38,9.54,9.19,9.24,1474211.0
2022-02-09,9.45,9.93,9.43,9.68,1899887.0
2022-02-10,9.58,9.8,9.3,9.6,5188978.0
2022-02-11,9.9684,10.09,9.53,9.64,4503570.0
2022-02-14,9.64,10.0778,9.42,9.5,2106014.0
2022-02-15,9.62,10.02,9.62,9.98,1771390.0
2022-02-16,9.98,9.99,9.7,9.8,1434546.0
2022-02-17,9.62,9.75,9.16,9.3,1208746.0
2022-02-18,9.27,9.45,9.03,9.16,1148779.0
2022-02-22,9.04,9.28,8.7,8.81,2066577.0
2022-02-23,8.89,8.93,8.25,8.26,1716213.0
2022-02-24,7.91,8.49,7.85,8.45,2959968.0
2022-02-25,9.36,9.36,8.565,8.93,3536265.0
2022-02-28,8.99,8.99,8.41,8.71,2996817.0
2022-03-01,8.6,9.3,8.6,9.04,1944857.0
2022-03-02,9.4,9.7,9.06,9.43,1821042.0
2022-03-03,9.46,9.4998,8.95,9.04,1216111.0
2022-03-04,8.92,9.115,8.51,8.53,1224943.0
2022-03-07,8.45,8.82,8.18,8.28,1648392.0
2022-03-08,8.22,8.545,7.81,8.19,1984348.0
2022-03-09,8.38,8.6986,8.31,8.54,1555568.0
2022-03-10,8.39,8.5,8.0999,8.38,1339864.0
2022-03-11,8.45,8.46,7.73,7.75,1948748.0
2022-03-14,7.99,8.12,7.35,7.46,2052200.0
2022-03-15,7.53,7.93,7.42,7.77,2808628.0
2022-03-16,8.0,8.52,7.96,8.5,1696015.0
2022-03-17,8.41,9.0,8.26,8.82,1026510.0
2022-03-18,8.71,9.0,8.71,8.83,1649658.0
2022-03-21,8.82,9.0,8.64,8.82,1253829.0
2022-03-22,8.85,9.595,8.7001,9.41,1798848.0
2022-03-23,9.27,9.73,9.11,9.42,2129649.0
2022-03-24,9.505,9.72,9.2,9.71,1479918.0
2022-03-25,9.83,9.83,9.194,9.54,2475260.0
2022-03-28,9.47,9.6999,9.2,9.49,1777777.0
2022-03-29,9.6,9.9,9.33,9.78,2623751.0
2022-03-30,9.78,10.22,9.6046,9.75,1601873.0
2022-03-31,9.7,9.85,9.47,9.75,907987.0
2022-04-01,9.83,10.27,9.83,10.13,1379563.0
2022-04-04,10.18,10.545,10.12,10.41,1333136.0
2022-04-05,10.38,10.49,9.92,10.06,1900371.0
2022-04-06,9.88,9.95,9.5738,9.93,2045686.0
2022-04-07,9.94,9.99,9.525,9.75,1059536.0
2022-04-08,9.71,9.71,8.78,9.04,2165611.0
2022-04-11,8.95,8.95,8.56,8.83,1369028.0
2022-04-12,8.95,9.1,8.47,8.66,1239994.0
2022-04-13,8.7,9.065,8.57,9.01,831173.0
2022-04-14,8.98,9.17,8.74,8.99,865497.0
2022-04-18,8.92,8.92,8.21,8.41,1045791.0
2022-04-19,8.33,8.75,8.29,8.67,759431.0
2022-04-20,8.82,8.82,8.37,8.46,758261.0
2022-04-21,8.54,8.68,8.13,8.17,1395260.0
2022-04-22,8.11,8.34,7.9,7.98,896892.0
2022-04-25,7.9,8.12,7.69,8.06,1489226.0
2022-04-26,7.99,7.99,7.51,7.56,1166000.0
2022-04-27,7.7,7.84,7.43,7.76,991619.0
2022-04-28,7.85,7.89,7.292,7.88,1215491.0
2022-04-29,7.94,7.985,7.64,7.67,812033.0
2022-05-02,7.63,8.1,7.58,8.07,1305527.0
2022-05-03,8.01,8.34,7.94,8.04,1383229.0
2022-05-04,8.1,8.43,7.7001,8.28,1274954.0
2022-05-05,8.13,8.13,7.53,7.76,1195722.0
2022-05-06,7.75,7.75,7.0566,7.44,1934227.0
2022-05-09,7.17,7.215,6.49,6.5,2660982.0
2022-05-10,6.48,6.95,6.1,6.64,3363344.0
2022-05-11,6.96,6.96,5.7,5.72,6202221.0
2022-05-12,5.61,6.78,5.42,6.71,7056891.0
2022-05-13,6.86,7.41,6.81,7.23,3211301.0
2022-05-16,7.22,7.91,6.92,7.81,2600277.0
2022-05-17,8.0,8.24,7.79,8.15,2464082.0
2022-05-18,7.92,8.57,7.9001,8.03,1675688.0
2022-05-19,7.95,8.52,7.92,8.3,1312215.0
2022-05-20,8.45,8.48,7.65,7.9,1300387.0
2022-05-23,7.95,7.96,7.59,7.67,865203.0
2022-05-24,7.54,7.6,7.05,7.26,1454400.0
2022-05-25,7.22,7.54,7.22,7.5,937563.0
2022-05-26,7.52,7.71,7.4,7.5,1335206.0
2022-05-27,7.58,7.985,7.45,7.9,2135707.0
2022-05-31,7.86,7.98,7.54,7.62,1445285.0
2022-06-01,7.69,8.15,7.5,7.8,3597177.0
2022-06-02,7.8,7.9499,7.63,7.72,1785050.0
2022-06-03,7.6,7.68,7.41,7.54,1744515.0
2022-06-06,7.71,7.83,7.375,7.67,1970216.0
2022-06-07,7.62,8.0907,7.55,7.83,1414370.0
2022-06-08,7.82,8.105,7.735,7.96,1442511.0
2022-06-09,8.48,9.1,8.39,8.39,6200762.0
2022-06-10,8.21,8.6,8.18,8.34,3327211.0
2022-06-13,7.92,8.36,7.88,8.2,3109832.0
2022-06-14,8.24,9.0,8.045,8.8,3267393.0
2022-06-15,8.84,9.5623,8.79,9.27,3058558.0
2022-06-16,9.07,9.39,8.89,9.26,2715385.0
2022-06-17,9.32,10.45,9.3,10.12,4625239.0
2022-06-21,10.16,10.46,9.78,9.81,4728706.0
2022-06-22,9.67,10.71,9.611,10.29,4343586.0
2022-06-23,10.36,10.8,10.29,10.55,3078330.0
2022-06-24,10.64,10.76,10.12,10.65,25520206.0
2022-06-27,10.68,10.69,10.025,10.27,3133326.0
2022-06-28,10.22,10.485,9.97,10.26,2121880.0
2022-06-29,10.17,10.41,9.855,10.11,3132493.0
2022-06-30,9.98,10.95,9.94,10.65,3061669.0
2022-07-01,10.61,10.92,10.43,10.64,1979933.0
2022-07-05,10.33,10.55,10.06,10.38,2620716.0
2022-07-06,10.37,10.84,10.31,10.58,1870148.0
2022-07-07,10.55,11.595,10.4935,11.49,2490631.0
2022-07-08,11.34,11.88,11.07,11.58,1604976.0
2022-07-11,11.44,11.65,11.085,11.11,1199429.0
2022-07-12,11.2,11.485,10.91,11.39,1599320.0
2022-07-13,11.11,12.0,11.01,11.32,1637066.0
2022-07-14,11.3,11.41,10.91,11.1,1839048.0
2022-07-15,10.95,11.0396,10.09,10.54,3313892.0
2022-07-18,10.69,10.86,10.34,10.45,1796771.0
2022-07-19,10.58,10.83,10.47,10.65,1241546.0
2022-07-20,10.63,11.13,10.3103,10.65,1803520.0
2022-07-21,10.65,10.66,10.36,10.47,1399683.0
2022-07-22,10.48,10.48,9.93,10.07,1586779.0
2022-07-25,10.08,10.225,9.91,10.1,1203669.0
2022-07-26,10.11,10.355,9.8736,10.19,1280959.0
2022-07-27,10.24,10.63,10.025,10.51,1202867.0
2022-07-28,10.56,10.64,10.2,10.43,946472.0
2022-07-29,10.41,10.6,10.01,10.04,1830083.0
2022-08-01,10.04,10.195,9.88,10.145,1981541.0
2022-08-02,10.11,11.005,10.11,10.72,1733116.0
2022-08-03,10.93,11.01,10.645,10.98,1084422.0
2022-08-04,11.0,11.46,11.0,11.33,1343902.0
2022-08-05,11.12,11.655,10.87,11.32,1661083.0
2022-08-08,11.65,11.92,11.045,11.76,3015868.0
2022-08-09,11.8,11.92,10.86,11.11,2718839.0
2022-08-10,10.72,13.74,10.64,13.34,7495200.0
2022-08-11,13.35,14.5,12.96,13.36,4235413.0
2022-08-12,13.51,13.97,13.14,13.68,1836582.0
2022-08-15,13.7,14.08,13.48,13.54,1647525.0
2022-08-16,13.47,13.53,12.645,12.75,2407792.0
2022-08-17,12.56,13.13,12.27,13.01,2335237.0
2022-08-18,12.97,12.99,12.12,12.45,1978902.0
2022-08-19,12.32,12.39,11.1401,11.44,3320022.0
2022-08-22,11.22,11.46,10.61,11.01,2563542.0
2022-08-23,11.09,11.61,11.01,11.47,1693629.0
2022-08-24,11.53,11.97,11.38,11.85,1196239.0
2022-08-25,12.0,12.2,11.65,12.18,1137205.0
2022-08-26,12.15,12.17,11.1,11.26,1813447.0
2022-08-29,11.07,11.35,10.59,10.63,1643248.0
2022-08-30,10.83,10.86,10.35,10.66,1591261.0
2022-08-31,10.82,10.92,10.54,10.68,767561.0
2022-09-01,10.54,11.09,10.47,11.07,1415686.0
2022-09-02,11.18,11.2,10.69,10.84,1024929.0
2022-09-06,10.94,10.94,10.43,10.46,1264883.0
2022-09-07,10.49,10.94,10.4,10.86,1205436.0
2022-09-08,10.73,11.32,10.71,11.3,1047966.0
2022-09-09,11.39,11.57,11.19,11.2,1003701.0
2022-09-12,11.22,11.275,10.98,11.08,1166933.0
2022-09-13,10.71,10.86,10.6,10.74,1227378.0
2022-09-14,10.76,10.885,10.5501,10.84,1211952.0
2022-09-15,10.78,11.12,10.77,10.88,1370408.0
2022-09-16,10.7,10.76,10.28,10.35,2203569.0
2022-09-19,10.21,10.44,9.8,10.42,2101212.0
2022-09-20,10.24,10.455,10.13,10.29,914447.0
2022-09-21,10.33,10.58,10.01,10.23,1447072.0
2022-09-22,10.14,10.175,9.57,9.69,1611449.0
2022-09-23,9.59,9.61,9.09,9.2,1792564.0
2022-09-26,9.19,9.5101,9.0913,9.22,1846102.0
2022-09-27,9.36,9.515,9.24,9.43,1693494.0
2022-09-28,9.54,10.05,9.525,9.97,2268581.0
2022-09-29,9.82,9.905,9.575,9.85,1913292.0
2022-09-30,9.77,10.105,9.73,9.89,1778267.0
2022-10-03,10.08,10.32,9.68,10.25,2791842.0
2022-10-04,10.51,11.24,10.34,11.24,2597128.0
2022-10-05,11.0,11.4,10.761,11.23,2369013.0
2022-10-06,11.23,11.45,11.03,11.41,1543319.0
2022-10-07,11.09,11.3,10.71,10.75,1378617.0
2022-10-10,10.73,11.08,10.32,10.92,1283190.0
2022-10-11,10.88,11.135,10.38,10.94,1355810.0
2022-10-12,10.98,10.99,10.35,10.64,1141530.0
2022-10-13,10.32,10.8,10.05,10.73,1276575.0
2022-10-14,10.84,10.9499,10.29,10.34,855445.0
2022-10-17,10.58,10.8899,10.49,10.64,898527.0
2022-10-18,10.93,11.06,10.51,10.64,1093942.0
2022-10-19,10.45,10.5135,9.97,10.19,1521366.0
2022-10-20,10.15,10.41,10.01,10.1,1395023.0
2022-10-21,10.18,10.35,9.83,10.31,1441823.0
2022-10-24,10.13,10.275,9.83,10.25,1231305.0
2022-10-25,10.36,10.93,10.35,10.73,2064564.0
2022-10-26,10.76,11.05,10.46,10.82,1850842.0
2022-10-27,10.95,10.95,10.56,10.74,1595226.0
2022-10-28,10.8,11.765,10.68,11.71,3019423.0
2022-10-31,11.63,12.07,11.6227,11.83,2244129.0
2022-11-01,12.01,12.32,11.32,11.5,2348667.0
2022-11-02,11.61,12.47,11.51,12.0,2134840.0
2022-11-03,11.84,12.465,11.72,12.11,2096908.0
2022-11-04,12.2,12.36,11.7,11.91,1857251.0
2022-11-07,11.94,12.32,11.86,12.01,1393650.0
2022-11-08,12.0,12.55,11.82,12.24,2499727.0
2022-11-09,12.99,12.995,11.554,11.81,5098382.0
2022-11-10,12.41,12.93,11.89,12.91,2506601.0
2022-11-11,12.85,13.8296,12.78,13.58,3200755.0
2022-11-14,13.425,14.68,13.425,14.27,3158548.0
2022-11-15,14.56,14.97,14.13,14.49,2602476.0
2022-11-16,14.73,14.8,14.071,14.52,1677983.0
2022-11-17,14.27,14.27,13.81,14.08,2080311.0
2022-11-18,14.4,14.42,14.01,14.16,1377953.0
2022-11-21,13.97,14.175,13.7406,14.06,1351777.0
2022-11-22,14.1,14.1,13.78,13.98,1288883.0
2022-11-23,14.03,14.15,13.7681,14.0,1040774.0
2022-11-25,13.98,14.14,13.39,13.52,598559.0
2022-11-28,13.5,13.73,13.36,13.56,1245541.0
2022-11-29,13.56,13.6993,13.25,13.36,1168976.0
2022-11-30,13.49,14.0,11.8601,12.87,4888353.0
2022-12-01,12.77,13.78,12.76,13.18,2009794.0
2022-12-02,13.08,13.08,12.19,12.71,1640002.0
2022-12-05,12.65,12.72,11.85,11.91,5553220.0
2022-12-06,11.99,11.99,11.4,11.51,1486004.0
2022-12-07,11.38,11.47,11.08,11.14,2655512.0
2022-12-08,11.23,11.2643,10.91,11.14,2658255.0
2022-12-09,11.03,11.14,10.44,10.47,1736981.0
2022-12-12,10.57,10.6296,10.32,10.49,1550012.0
2022-12-13,10.97,11.03,10.015,10.08,2476921.0
2022-12-14,10.08,10.3399,9.96,10.13,1716888.0
2022-12-15,11.14,11.3,10.24,10.4,4483651.0
2022-12-16,10.17,10.39,9.95,10.21,3225038.0
2022-12-19,10.2,10.25,9.865,9.94,1679837.0
2022-12-20,9.85,10.43,9.81,10.41,1914081.0
2022-12-21,10.51,10.88,10.51,10.6,1592967.0
2022-12-22,10.52,10.56,10.27,10.54,1256414.0
2022-12-23,10.49,10.54,10.2743,10.33,1234923.0
2022-12-27,10.44,10.44,9.435,9.48,1573835.0
2022-12-28,9.41,9.635,9.345,9.57,1565110.0
2022-12-29,9.67,10.14,9.51,10.05,1634861.0
2022-12-30,9.92,10.16,9.9,10.13,1413948.0
2023-01-03,10.3,10.37,9.47,9.49,1799585.0
2023-01-04,9.58,9.6,9.25,9.37,1455720.0
2023-01-05,9.3,9.685,9.03,9.65,1661623.0
2023-01-06,9.7,9.7,9.41,9.51,1673767.0
2023-01-09,9.71,9.75,9.36,9.55,5366464.0
2023-01-10,9.5,9.63,9.33,9.38,1228541.0
2023-01-11,9.42,9.61,9.16,9.6,1613946.0
2023-01-12,9.7,10.215,9.405,10.2,1909325.0
2023-01-13,10.07,10.65,10.07,10.38,1620924.0
2023-01-17,10.45,10.55,10.22,10.54,1050543.0
2023-01-18,10.64,10.83,10.36,10.38,1422796.0
2023-01-19,10.22,10.38,10.035,10.16,930821.0
2023-01-20,10.33,10.43,10.05,10.34,1023040.0
2023-01-23,10.31,10.41,10.17,10.28,947479.0
2023-01-24,10.2,10.2,9.85,10.05,1264567.0
2023-01-25,9.95,10.44,9.78,10.41,1370539.0
2023-01-26,10.53,10.6919,10.22,10.52,1060068.0
2023-01-27,10.46,10.845,10.39,10.76,1247688.0
2023-01-30,10.67,10.78,10.27,10.4,1283368.0
2023-01-31,10.42,10.69,10.36,10.53,1307789.0
2023-02-01,10.58,10.845,10.215,10.76,1594968.0
2023-02-02,10.92,11.11,10.82,11.01,1331443.0
2023-02-03,10.83,11.375,10.73,11.18,1253830.0
2023-02-06,11.1,11.29,10.94,10.97,1139083.0
2023-02-07,10.94,11.025,10.56,10.81,1304003.0
2023-02-08,10.84,10.97,10.36,10.42,1293254.0
2023-02-09,10.5,10.5899,9.72,9.78,1754234.0
2023-02-10,9.76,10.0,9.5701,9.83,1918948.0
2023-02-13,9.9,9.925,9.62,9.77,1259436.0
2023-02-14,9.7,10.035,9.6582,9.97,1420616.0
2023-02-15,9.9,10.21,9.62,9.98,2355706.0
2023-02-16,9.85,10.06,9.475,9.5,2520810.0
2023-02-17,9.45,9.66,9.2607,9.59,2806823.0
2023-02-21,9.48,9.54,8.87,8.89,3522469.0
2023-02-22,8.7,8.81,8.235,8.79,3904077.0
2023-02-23,8.83,8.83,8.34,8.51,2095734.0
2023-02-24,8.37,8.525,8.3,8.37,2234694.0
2023-02-27,8.558,8.59,8.345,8.43,1533308.0
2023-02-28,8.49,8.63,8.4,8.4,1535814.0
2023-03-01,8.4,8.48,8.1,8.15,1339187.0
2023-03-02,8.1,8.195,7.885,8.18,1677860.0
2023-03-03,8.26,8.485,8.18,8.38,1139537.0
2023-03-06,8.38,8.41,8.075,8.1,1594605.0
2023-03-07,8.08,8.155,7.9609,8.0,1436676.0
2023-03-08,8.0,8.175,7.93,8.16,1234983.0
2023-03-09,8.13,8.17,7.79,7.87,1860955.0
2023-03-10,7.94,7.94,7.33,7.55,3242100.0
2023-03-13,7.44,7.68,7.39,7.42,2130689.0
2023-03-14,7.65,7.79,7.41,7.57,1721164.0
2023-03-15,7.43,7.47,7.235,7.43,1570017.0
2023-03-16,7.35,7.52,7.215,7.48,1269104.0
2023-03-17,7.45,7.57,7.295,7.39,3022096.0
2023-03-20,7.33,7.615,7.29,7.57,1201700.0
2023-03-21,7.71,7.75,7.5,7.62,1037252.0
2023-03-22,7.69,7.7,7.3,7.31,1181673.0
2023-03-23,7.35,7.4499,7.16,7.31,1736165.0
2023-03-24,7.26,7.375,7.13,7.34,1204397.0
2023-03-27,7.435,7.665,7.35,7.58,1097462.0
2023-03-28,7.5,7.74,7.5,7.55,962500.0
2023-03-29,7.62,7.65,7.48,7.62,1364355.0
2023-03-30,7.69,7.69,7.39,7.42,902294.0
2023-03-31,7.48,7.585,7.45,7.54,1394538.0
2023-04-03,7.59,7.59,7.125,7.48,1671195.0
2023-04-04,7.47,7.47,7.18,7.21,1343145.0
2023-04-05,7.19,7.3,7.1,7.15,1130091.0
2023-04-06,7.14,7.34,7.1,7.24,1274224.0
2023-04-10,7.2,7.24,7.065,7.2,1533186.0
2023-04-11,7.22,7.415,7.065,7.28,1963221.0
2023-04-12,7.345,7.46,7.205,7.29,1184248.0
2023-04-13,7.34,7.64,7.32,7.59,1285795.0
2023-04-14,7.63,7.63,7.28,7.38,1260840.0
2023-04-17,7.4,7.6287,7.24,7.39,1437902.0
2023-04-18,7.39,7.39,7.13,7.19,1435157.0
2023-04-19,7.11,7.27,7.1,7.21,1185565.0
2023-04-20,7.1,7.23,7.06,7.12,1195288.0
2023-04-21,7.13,7.365,7.079,7.21,1683061.0
2023-04-24,7.22,7.24,7.01,7.17,1573568.0
2023-04-25,7.1,7.11,6.71,6.73,2316134.0
2023-04-26,6.74,6.85,6.6,6.74,1570103.0
2023-04-27,6.77,6.83,6.6,6.64,1256082.0
2023-04-28,6.65,6.94,6.61,6.78,1237890.0
2023-05-01,6.81,6.8425,6.66,6.77,1518752.0
2023-05-02,6.75,6.76,6.405,6.46,1955171.0
2023-05-03,6.53,6.71,6.43,6.59,1619146.0
2023-05-04,6.61,6.6275,6.37,6.61,1398006.0
2023-05-05,6.41,6.41,5.77,5.99,5069482.0
2023-05-08,6.09,6.11,5.64,5.71,3258589.0
2023-05-09,5.7,5.765,5.53,5.66,2847548.0
2023-05-10,5.75,5.89,5.55,5.89,3066895.0
2023-05-11,5.89,5.94,5.7,5.74,2448583.0
2023-05-12,5.77,5.78,5.64,5.74,1694886.0
2023-05-15,5.77,6.01,5.745,5.98,2408217.0
2023-05-16,5.91,5.94,5.67,5.7,1322833.0
2023-05-17,5.7,5.85,5.55,5.84,1964956.0
2023-05-18,5.83,6.08,5.745,5.85,2763391.0
2023-05-19,5.92,5.945,5.8,5.84,1535573.0
2023-05-22,5.84,6.68,5.755,6.61,5692307.0
2023-05-23,6.58,7.49,6.5738,7.08,9600843.0
2023-05-24,7.05,7.16,6.75,7.02,2973308.0
2023-05-25,7.01,7.56,6.68,6.91,4176989.0
2023-05-26,6.93,6.96,6.35,6.8,4894451.0
2023-05-30,6.92,7.14,6.725,6.95,2360786.0
2023-05-31,6.97,7.15,6.81,6.97,2676252.0
2023-06-01,6.98,6.99,6.69,6.79,2102166.0
2023-06-02,6.89,7.02,6.67,6.79,2360436.0
2023-06-05,6.81,6.94,6.66,6.83,1908324.0
2023-06-06,6.82,6.95,6.675,6.91,2521099.0
2023-06-07,6.97,7.4,6.94,7.31,4583536.0
2023-06-08,7.35,7.35,6.99,7.16,2975234.0
2023-06-09,7.19,7.23,6.99,7.09,2601757.0
2023-06-12,7.12,7.4,7.04,7.4,2453516.0
2023-06-13,7.42,7.5493,7.28,7.47,2591575.0
2023-06-14,7.5,7.58,7.3,7.39,2462265.0
2023-06-15,7.35,7.49,7.29,7.48,1975052.0
2023-06-16,7.59,7.5932,7.405,7.58,3996489.0
2023-06-20,7.55,7.67,7.36,7.51,5122236.0
2023-06-21,7.45,7.5,7.111,7.26,3459309.0
2023-06-22,7.2,7.25,7.0,7.2,3028537.0
2023-06-23,7.11,7.415,7.03,7.31,29466958.0
2023-06-26,7.28,7.345,6.9,6.91,3184386.0
2023-06-27,6.89,6.89,6.35,6.35,4363811.0
2023-06-28,6.38,6.68,6.31,6.61,2886912.0
2023-06-29,6.63,6.715,6.45,6.58,1872061.0
2023-06-30,6.64,6.6446,6.41,6.46,1992071.0
2023-07-03,6.46,6.68,6.43,6.59,1126228.0
2023-07-05,6.59,6.72,6.405,6.52,2440514.0
2023-07-06,6.53,6.53,6.28,6.37,1547601.0
2023-07-07,6.38,6.59,6.38,6.51,1613103.0
2023-07-10,6.53,6.895,6.49,6.79,1653580.0
2023-07-11,6.82,7.035,6.66,6.75,1923775.0
2023-07-12,6.96,7.785,6.95,7.55,5411620.0
2023-07-13,7.53,7.63,7.18,7.42,4166959.0
2023-07-14,7.4,8.0,7.04,7.16,2540266.0
2023-07-17,7.16,7.62,7.0212,7.55,1744405.0
2023-07-18,7.61,7.81,7.5,7.56,1768563.0
2023-07-19,7.64,8.05,7.6,7.95,3182465.0
2023-07-20,7.91,8.02,7.7,7.72,2423029.0
2023-07-21,7.76,7.86,7.53,7.85,1531571.0
2023-07-24,7.87,7.96,7.62,7.65,2063220.0
2023-07-25,7.65,7.84,7.56,7.82,1532143.0
2023-07-26,7.79,7.805,7.56,7.76,1377479.0
2023-07-27,7.79,7.89,7.51,7.52,1101890.0
2023-07-28,7.56,7.8,7.56,7.69,1185602.0
2023-07-31,7.75,7.85,7.59,7.73,1344360.0
2023-08-01,7.73,7.73,7.25,7.27,1735790.0
2023-08-02,7.13,7.1966,6.83,6.94,2241444.0
2023-08-03,6.93,7.1,6.82,6.97,3317452.0
2023-08-04,6.52,6.87,5.92,6.04,5581592.0
2023-08-07,6.16,6.66,5.8,5.85,3461867.0
2023-08-08,5.86,5.925,5.7,5.89,1998196.0
2023-08-09,5.89,6.045,5.805,6.02,2584079.0
2023-08-10,6.05,6.14,5.855,5.88,1689227.0
2023-08-11,5.83,5.8801,5.72,5.76,2418187.0
2023-08-14,5.75,5.75,5.56,5.59,2142430.0
2023-08-15,5.6,5.65,5.5,5.52,1848161.0
2023-08-16,5.5,5.595,5.46,5.5,2048344.0
2023-08-17,5.54,5.63,5.485,5.5,2502405.0
2023-08-18,5.42,5.595,5.41,5.49,1487037.0
2023-08-21,5.5,5.68,5.45,5.58,1248813.0
2023-08-22,5.58,5.63,5.37,5.5,1411602.0
2023-08-23,5.52,5.5899,5.495,5.56,748021.0
2023-08-24,5.56,5.5604,5.42,5.5,1182789.0
2023-08-25,5.51,5.59,5.395,5.51,1317031.0
2023-08-28,5.53,5.68,5.475,5.5,1063898.0
2023-08-29,5.47,5.71,5.42,5.66,1116479.0
2023-08-30,5.66,5.84,5.59,5.8,1752114.0
2023-08-31,5.79,5.8,5.43,5.45,1784111.0
2023-09-01,5.51,5.66,5.38,5.59,1841004.0
2023-09-05,5.59,5.79,5.48,5.55,1396633.0
2023-09-06,5.56,5.57,5.425,5.51,1189302.0
2023-09-07,5.46,5.61,5.41,5.56,1789479.0
2023-09-08,5.57,5.58,5.38,5.41,1796299.0
2023-09-11,5.42,5.45,5.265,5.36,1461471.0
2023-09-12,5.33,5.33,5.13,5.14,1853840.0
2023-09-13,5.14,5.27,5.12,5.25,1462320.0
2023-09-14,5.28,5.315,5.16,5.17,1107516.0
2023-09-15,5.31,5.46,5.27,5.34,2365588.0
2023-09-18,5.33,5.33,5.12,5.13,1464652.0
2023-09-19,5.13,5.18,5.06,5.08,1249239.0
2023-09-20,5.15,5.295,5.06,5.08,2793555.0
2023-09-21,5.05,5.07,4.91,4.91,1740758.0
2023-09-22,4.93,5.0,4.88,5.0,2438497.0
2023-09-25,4.96,4.96,4.75,4.77,1493590.0
2023-09-26,4.75,4.89,4.67,4.7,2347407.0
2023-09-27,4.73,5.02,4.685,4.71,1425860.0
2023-09-28,4.69,4.72,4.51,4.66,1099669.0
2023-09-29,4.74,4.75,4.57,4.6,1510776.0
2023-10-02,4.6,4.6,4.43,4.46,2387301.0
2023-10-03,4.44,4.5,4.34,4.38,1781768.0
2023-10-04,4.38,4.45,4.33,4.43,1248800.0
2023-10-05,4.43,4.51,4.34,4.42,1264280.0
2023-10-06,4.4,4.475,4.35,4.42,712587.0
2023-10-09,4.39,4.41,4.28,4.4,840734.0
2023-10-10,4.41,4.52,4.37,4.52,838819.0
2023-10-11,4.5,4.5475,4.32,4.39,1078107.0
2023-10-12,4.41,4.41,3.92,3.98,4206194.0
2023-10-13,4.04,4.28,3.94,4.26,2617946.0
2023-10-16,4.23,4.33,4.2,4.28,1132547.0
2023-10-17,4.23,4.419,4.22,4.4,1300293.0
2023-10-18,4.35,4.37,4.28,4.35,2817228.0
2023-10-19,4.33,4.42,4.27,4.29,1428483.0
2023-10-20,4.32,4.35,4.2618,4.32,1493142.0
2023-10-23,4.27,4.3085,4.2,4.27,1107446.0
2023-10-24,4.3,4.47,4.26,4.45,1099718.0
2023-10-25,4.39,4.39,4.06,4.06,1340428.0
2023-10-26,4.05,4.17,4.03,4.14,1210393.0
2023-10-27,4.15,4.16,3.91,3.91,1554854.0
2023-10-30,3.95,4.06,3.87,4.04,1438966.0
2023-10-31,4.03,4.23,4.03,4.11,983955.0
2023-11-01,4.12,4.145,4.01,4.12,705202.0
2023-11-02,4.18,4.45,4.16,4.43,1956492.0
2023-11-03,3.97,4.78,3.9,4.7,3552955.0
2023-11-06,4.64,4.78,4.44,4.475,1428865.0
2023-11-07,4.44,4.525,4.385,4.4,1195567.0
2023-11-08,4.38,4.38,4.12,4.18,1909906.0
2023-11-09,4.21,4.27,4.04,4.04,1313735.0
2023-11-10,4.07,4.08,3.89,4.04,1136238.0
2023-11-13,4.02,4.0312,3.93,3.98,830074.0
2023-11-14,4.17,4.3653,4.15,4.33,1319551.0
2023-11-15,4.4,4.66,4.3,4.53,1470064.0
2023-11-16,4.52,4.52,4.24,4.38,931514.0
2023-11-17,4.43,4.48,4.345,4.47,1327607.0
2023-11-20,4.46,4.69,4.345,4.6,1989074.0
2023-11-21,4.58,4.58,4.32,4.34,1444235.0
2023-11-22,4.41,4.45,4.33,4.43,876100.0
2023-11-24,4.44,4.49,4.4,4.43,492536.0
2023-11-27,4.4,4.55,4.27,4.53,1325169.0
2023-11-28,4.6,4.8,4.4,4.73,2338361.0
2023-11-29,4.75,5.025,4.69,4.78,2508709.0
2023-11-30,4.81,4.88,4.565,4.71,3838030.0
2023-12-01,4.68,4.86,4.52,4.83,2053531.0
2023-12-04,4.81,4.93,4.62,4.64,1842857.0
2023-12-05,4.89,4.89,4.47,4.5,1733155.0
2023-12-06,4.51,4.94,4.49,4.85,1654344.0
2023-12-07,4.87,4.96,4.79,4.84,854100.0
2023-12-08,4.79,4.97,4.7001,4.87,1524555.0
2023-12-11,4.85,4.86,4.7,4.79,1172993.0
2023-12-12,4.78,4.8,4.65,4.78,1039654.0
2023-12-13,4.8,5.06,4.67,5.04,1200114.0
2023-12-14,5.17,5.5188,5.16,5.48,3298443.0
2023-12-15,5.58,5.61,5.3,5.43,2437122.0
2023-12-18,5.42,5.4604,5.27,5.32,1376129.0
2023-12-19,5.37,5.74,5.361,5.68,1722317.0
2023-12-20,5.63,5.795,5.41,5.43,1506110.0
2023-12-21,5.53,5.74,5.5,5.69,1296003.0
2023-12-22,5.7,5.83,5.635,5.69,877046.0
2023-12-26,5.7,5.87,5.7,5.77,1148180.0
2023-12-27,5.82,5.89,5.7,5.8,1012352.0
2023-12-28,5.79,5.98,5.76,5.93,1585304.0
2023-12-29,5.95,5.95,5.63,5.71,1555124.0
2024-01-02,5.62,5.89,5.54,5.73,1054358.0
2024-01-03,5.6,5.79,5.52,5.7,1531476.0
2024-01-04,5.67,5.995,5.56,5.94,1124912.0
2024-01-05,5.93,5.93,5.75,5.84,1400552.0
2024-01-08,5.84,6.055,5.725,5.97,993399.0
2024-01-09,5.89,5.925,5.67,5.71,1161924.0
2024-01-10,5.73,5.77,5.49,5.63,1017183.0
2024-01-11,5.59,5.6,5.41,5.45,1157692.0
2024-01-12,5.46,5.69,5.38,5.39,853471.0
2024-01-16,5.34,5.34,4.96,5.0,1857019.0
2024-01-17,4.95,5.31,4.81,5.27,4214025.0
2024-01-18,5.35,5.4,5.12,5.19,1231057.0
2024-01-19,5.19,5.325,5.06,5.24,1182907.0
2024-01-22,5.3,5.55,5.25,5.51,2635181.0
2024-01-23,5.52,5.62,5.18,5.31,886408.0
2024-01-24,5.41,5.46,5.235,5.26,854434.0
2024-01-25,5.31,5.4,5.25,5.32,948303.0
2024-01-26,5.37,5.48,5.26,5.32,1128160.0
2024-01-29,5.35,5.62,5.235,5.59,1308844.0
2024-01-30,5.6,5.6,5.22,5.28,990054.0
2024-01-31,5.25,5.36,5.11,5.11,958252.0
2024-02-01,5.17,5.24,5.115,5.2,1100273.0
2024-02-02,5.15,5.15,4.82,5.01,2125861.0
2024-02-05,4.96,4.99,4.795,4.95,1891418.0
2024-02-06,4.93,5.18,4.87,5.18,1189775.0
2024-02-07,5.18,5.19,4.88,4.91,1125235.0
2024-02-08,4.91,5.08,4.8611,5.02,899992.0
2024-02-09,5.05,5.15,5.0,5.11,894169.0
2024-02-12,5.14,5.46,5.095,5.46,1682277.0
2024-02-13,5.2,5.26,5.035,5.11,1848153.0
2024-02-14,5.21,5.29,5.145,5.22,1208362.0
2024-02-15,5.29,5.41,5.18,5.28,1104535.0
2024-02-16,5.22,5.41,5.1,5.34,1374469.0
2024-02-20,5.4,5.45,5.225,5.31,1397385.0
2024-02-21,5.25,5.252,4.65,4.81,3579436.0
2024-02-22,5.03,5.03,4.81,4.85,1938359.0
2024-02-23,4.9,5.085,4.82,4.87,2680983.0
2024-02-26,4.82,4.96,4.79,4.95,2202978.0
2024-02-27,4.97,5.21,4.96,5.12,2588695.0
2024-02-28,5.06,5.2,4.98,5.08,1496115.0
2024-02-29,5.16,5.17,5.0,5.05,2767653.0
2024-03-01,5.09,5.26,5.0016,5.05,1405512.0
2024-03-04,5.03,5.1,4.79,5.0,2141776.0
2024-03-05,4.93,4.94,4.805,4.81,1928107.0
2024-03-06,4.86,4.9601,4.845,4.87,1459089.0
2024-03-07,4.91,5.0,4.86,4.91,1117052.0
2024-03-08,4.98,5.125,4.76,4.77,1058807.0
2024-03-11,4.9,5.04,4.825,4.96,1966581.0
2024-03-12,4.97,4.98,4.8,4.88,1560780.0
2024-03-13,4.88,4.96,4.82,4.91,1021889.0
2024-03-14,4.93,4.93,4.67,4.7,1529432.0
2024-03-15,4.69,4.78,4.66,4.71,1005977.0
2024-03-18,4.785,4.785,4.53,4.59,1094773.0
2024-03-19,4.56,4.635,4.41,4.6,693211.0
2024-03-20,4.61,4.745,4.51,4.73,665376.0
2024-03-21,4.8,4.83,4.67,4.71,832785.0
2024-03-22,4.7,4.7,4.56,4.59,616333.0
2024-03-25,4.59,4.7,4.55,4.58,708094.0
2024-03-26,4.64,4.69,4.27,4.29,1669804.0
2024-03-27,4.31,4.51,4.27,4.49,1337798.0
2024-03-28,4.51,4.645,4.485,4.53,929055.0
2024-04-01,4.54,4.54,4.31,4.44,1247523.0
2024-04-02,4.44,4.44,4.27,4.32,1338315.0
2024-04-03,4.3,4.435,4.248,4.38,537291.0
2024-04-04,4.41,4.57,4.38,4.4,815500.0
2024-04-05,4.36,4.45,4.26,4.34,768943.0
2024-04-08,4.38,4.535,4.35,4.49,855674.0
2024-04-09,4.51,4.7499,4.47,4.73,1296370.0
2024-04-10,4.53,4.65,4.38,4.46,1033778.0
2024-04-11,4.5,4.56,4.33,4.38,1050804.0
2024-04-12,4.35,4.42,4.25,4.34,1011252.0
2024-04-15,4.34,4.34,4.15,4.18,1359028.0
2024-04-16,4.13,4.15,4.03,4.05,1272054.0
2024-04-17,4.06,4.15,3.92,3.92,1069432.0
2024-04-18,3.95,3.97,3.84,3.91,765647.0
2024-04-19,3.85,3.96,3.79,3.87,978622.0
2024-04-22,3.89,4.01,3.83,4.01,1076281.0
2024-04-23,4.0,4.31,3.965,3.97,1595129.0
2024-04-24,4.01,4.25,3.89,3.9,1599075.0
2024-04-25,3.86,3.8799,3.62,3.63,1829913.0
2024-04-26,3.69,3.8,3.64,3.76,1369561.0
2024-04-29,3.78,3.8601,3.762,3.84,1426294.0
2024-04-30,3.82,4.0,3.725,3.78,935475.0
2024-05-01,3.77,3.96,3.655,3.78,2008713.0
2024-05-02,3.89,3.89,3.68,3.85,1237894.0
2024-05-03,3.92,4.2,3.92,4.03,2202875.0
2024-05-06,4.14,4.175,4.03,4.11,1823908.0
2024-05-07,4.12,4.28,3.99,4.04,2175538.0
2024-05-08,4.04,4.199,3.78,3.84,1333528.0
2024-05-09,3.86,4.015,3.85,3.95,1021046.0
2024-05-10,3.92,3.97,3.81,3.83,1193867.0
2024-05-13,3.88,3.98,3.84,3.85,1316532.0
2024-05-14,3.92,4.015,3.82,3.82,1267003.0
2024-05-15,3.9,3.915,3.69,3.7,1027468.0
2024-05-16,3.73,3.85,3.665,3.78,1348139.0
2024-05-17,3.82,3.83,3.63,3.64,1041106.0
2024-05-20,3.65,3.76,3.58,3.74,1034315.0
2024-05-21,3.72,3.885,3.7,3.85,1986673.0
2024-05-22,3.81,4.035,3.7964,3.86,1485939.0
2024-05-23,3.87,4.01,3.81,3.85,1333066.0
2024-05-24,3.88,3.9483,3.76,3.85,1047467.0
2024-05-28,3.88,4.3398,3.88,4.08,2888465.0
2024-05-29,4.01,4.16,3.97,4.08,1596096.0
2024-05-30,4.14,4.17,4.01,4.04,895159.0
2024-05-31,4.04,4.2,3.9,3.92,1082677.0
2024-06-03,3.94,4.07,3.82,3.88,1249847.0
2024-06-04,3.88,3.895,3.76,3.78,1077007.0
2024-06-05,3.78,3.82,3.72,3.75,1539429.0
2024-06-06,3.78,3.88,3.715,3.78,1203836.0
2024-06-07,3.74,3.76,3.61,3.62,1083384.0
2024-06-10,3.62,3.635,3.51,3.51,1683532.0
2024-06-11,3.5,3.5392,3.345,3.43,3473023.0
2024-06-12,3.49,3.57,3.38,3.42,2212323.0
2024-06-13,3.42,3.4593,3.305,3.33,1960392.0
2024-06-14,3.32,3.38,3.22,3.23,1224931.0
2024-06-17,3.22,3.22,3.03,3.06,2006188.0
2024-06-18,3.1,3.15,2.985,3.02,2146966.0
2024-06-20,2.96,3.0,2.86,2.94,3320813.0
2024-06-21,2.95,2.965,2.89,2.9,2549394.0
2024-06-24,2.9,2.97,2.79,2.79,2953244.0
2024-06-25,2.82,2.82,2.71,2.73,3085686.0
2024-06-26,2.75,2.865,2.74,2.79,2201137.0
2024-06-27,2.75,2.89,2.7309,2.88,1939580.0
2024-06-28,2.87,3.0201,2.87,2.96,1806660.0
2024-07-01,2.97,2.98,2.77,2.78,1885908.0
2024-07-02,2.8,2.8,2.7,2.77,2136843.0
2024-07-03,2.8,2.825,2.69,2.71,1116716.0
2024-07-05,2.72,2.7399,2.66,2.69,1455271.0
2024-07-08,2.7,2.78,2.69,2.75,1552685.0
2024-07-09,2.8,2.87,2.65,2.82,4648962.0
2024-07-10,2.9,2.96,2.73,2.8,1557085.0
2024-07-11,2.91,3.14,2.88,3.13,2028565.0
2024-07-12,3.16,3.25,3.07,3.12,1720196.0
2024-07-15,3.18,3.245,3.06,3.2,871072.0
2024-07-16,3.24,3.49,3.21,3.49,1716110.0
2024-07-17,3.4,3.6,3.3613,3.37,1209482.0
2024-07-18,3.39,3.4,3.04,3.06,1336148.0
2024-07-19,3.04,3.07,2.96,2.97,995869.0
2024-07-22,3.0,3.02,2.93,3.01,885308.0
2024-07-23,3.0,3.125,2.975,3.1,1107605.0
2024-07-24,3.09,3.15,2.9911,3.01,1072930.0
2024-07-25,3.01,3.2,2.96,3.1,1483820.0
2024-07-26,3.21,3.28,3.145,3.26,693616.0
2024-07-29,3.24,3.26,3.125,3.23,760094.0
2024-07-30,3.21,3.28,3.175,3.23,553769.0
2024-07-31,3.37,3.435,3.18,3.26,2268278.0
2024-08-01,3.32,3.33,3.01,3.05,986217.0
2024-08-02,2.87,3.0,2.8602,2.92,1359064.0
2024-08-05,2.69,2.81,2.65,2.76,2188318.0
2024-08-06,2.85,2.885,2.73,2.85,1454232.0
2024-08-07,2.75,2.75,2.56,2.63,3002239.0
2024-08-08,2.68,2.9,2.66,2.77,1417216.0
2024-08-09,2.76,2.7851,2.59,2.68,1627816.0
2024-08-12,2.69,2.78,2.4,2.635,953112.0
2024-08-13,2.68,2.7,2.63,2.67,555731.0
2024-08-14,2.72,2.72,2.57,2.62,1180331.0
2024-08-15,2.66,2.73,2.61,2.62,1323179.0
2024-08-16,2.67,2.67,2.58,2.61,1753204.0
2024-08-19,2.63,2.8,2.63,2.71,2466680.0
2024-08-20,2.64,2.65,2.56,2.6,2679565.0
2024-08-21,2.64,2.668,2.58,2.64,1207142.0
2024-08-22,2.64,2.6599,2.48,2.51,2456790.0
2024-08-23,2.53,2.645,2.525,2.61,1801753.0
2024-08-26,2.63,2.7,2.59,2.69,1177976.0
2024-08-27,2.69,2.708,2.57,2.61,1266690.0
2024-08-28,2.61,2.67,2.54,2.56,1901835.0
2024-08-29,2.55,2.66,2.53,2.53,2399176.0
2024-08-30,2.61,2.61,2.545,2.56,5486346.0
2024-09-03,2.56,2.64,2.46,2.5,3684325.0
2024-09-04,2.47,2.55,2.46,2.52,1312059.0
2024-09-05,2.52,2.57,2.42,2.43,2405668.0
2024-09-06,2.44,2.465,2.36,2.39,1834931.0
2024-09-09,2.41,2.53,2.365,2.4,2215821.0
2024-09-10,2.4,2.595,2.335,2.58,3265327.0
2024-09-11,2.56,2.73,2.5,2.69,3097438.0
2024-09-12,2.72,2.74,2.6,2.68,1412381.0
2024-09-13,2.73,2.785,2.64,2.75,2406123.0
2024-09-16,2.75,2.77,2.5909,2.68,2441778.0
2024-09-17,2.68,2.87,2.66,2.73,2194553.0
2024-09-18,2.72,2.925,2.71,2.75,1886862.0
2024-09-19,2.81,2.855,2.725,2.74,1473805.0
2024-09-20,2.73,2.73,2.5,2.59,3247703.0
2024-09-23,2.62,2.625,2.48,2.48,1591102.0
2024-09-24,2.48,2.56,2.4601,2.52,1680559.0
2024-09-25,2.51,2.535,2.43,2.44,1446347.0
2024-09-26,2.46,2.56,2.46,2.56,1243701.0
2024-09-27,2.6,2.6391,2.56,2.61,1559748.0
2024-09-30,2.59,2.695,2.5845,2.6,1381806.0
2024-10-01,2.58,2.63,2.53,2.57,2288582.0
2024-10-02,2.55,2.58,2.45,2.48,1631248.0
2024-10-03,2.48,2.5,2.441,2.48,1235209.0
2024-10-04,2.51,2.5499,2.445,2.5,1078957.0
2024-10-07,2.49,2.635,2.49,2.63,1676660.0
2024-10-08,2.61,2.6191,2.53,2.57,1303847.0
2024-10-09,2.56,2.6093,2.4713,2.49,1111233.0
2024-10-10,2.49,2.5291,2.41,2.5,1651062.0
2024-10-11,2.5,2.62,2.5,2.59,1732219.0
2024-10-14,2.6,2.6,2.43,2.52,2043959.0
2024-10-15,2.53,2.61,2.51,2.56,1826001.0
2024-10-16,2.56,2.62,2.54,2.62,1159253.0
2024-10-17,2.62,2.69,2.59,2.68,2333296.0
2024-10-18,2.69,2.8893,2.69,2.87,3156754.0
2024-10-21,2.9,2.92,2.7101,2.77,2065807.0
2024-10-22,2.78,2.84,2.744,2.84,1213318.0
2024-10-23,2.81,2.8288,2.725,2.78,1115034.0
2024-10-24,2.8,2.8398,2.64,2.7,3254861.0
2024-10-25,2.7,2.86,2.7,2.72,2301603.0
2024-10-28,2.75,2.905,2.74,2.89,2850918.0
2024-10-29,2.86,2.8899,2.77,2.83,1154162.0
2024-10-30,2.83,2.89,2.78,2.78,1230451.0
2024-10-31,2.76,2.78,2.7,2.73,955267.0
2024-11-01,2.74,2.8,2.715,2.73,1245015.0
2024-11-04,2.755,2.9,2.72,2.89,3645421.0
2024-11-05,2.5,2.79,2.5,2.72,3836640.0
2024-11-06,2.74,2.805,2.64,2.76,1684544.0
2024-11-07,2.8,2.84,2.63,2.72,2348381.0
2024-11-08,2.71,2.745,2.62,2.7,2167497.0
2024-11-11,2.72,3.18,2.72,3.15,7642866.0
2024-11-12,3.09,3.09,2.93,2.96,3999678.0
2024-11-13,3.0,3.09,2.9,2.92,2667302.0
2024-11-14,2.96,2.97,2.76,2.76,2755713.0
2024-11-15,2.75,2.76,2.57,2.65,3271632.0
2024-11-18,2.66,2.71,2.59,2.65,2501826.0
2024-11-19,2.63,2.72,2.61,2.71,1818651.0
2024-11-20,2.69,2.72,2.62,2.67,1719665.0
2024-11-21,2.66,2.77,2.61,2.72,1428359.0
2024-11-22,2.74,2.8299,2.71,2.76,1806910.0
2024-11-25,2.8,3.02,2.8,2.95,2518581.0
2024-11-26,2.9,2.935,2.8,2.83,1757704.0
2024-11-27,2.88,3.0671,2.87,3.0,4282458.0
2024-11-29,3.01,3.05,2.95,3.01,2442038.0
2024-12-02,3.01,3.09,2.93,3.03,2849668.0
2024-12-03,3.025,3.045,2.89,2.91,1895959.0
2024-12-04,2.93,2.96,2.86,2.9,1677308.0
2024-12-05,2.85,2.9106,2.78,2.85,2484219.0
2024-12-06,2.9,3.045,2.85,3.0,2372866.0
2024-12-09,3.03,3.085,2.95,2.95,2723813.0
2024-12-10,2.98,3.06,2.9012,3.02,2307981.0
2024-12-11,3.05,3.05,2.8601,2.91,2215841.0
2024-12-12,2.88,2.96,2.79,2.95,3719165.0
2024-12-13,3.03,3.05,2.76,2.81,3228688.0
2024-12-16,2.83,3.0,2.79,2.86,2927091.0
2024-12-17,2.9,2.93,2.77,2.79,2140140.0
2024-12-18,2.835,2.84,2.66,2.69,4488942.0
2024-12-19,2.71,2.75,2.62,2.71,2359432.0
2024-12-20,2.7,2.88,2.6818,2.85,2082873.0
2024-12-23,2.82,2.95,2.815,2.92,2085481.0
2024-12-24,2.93,2.96,2.85,2.95,1649055.0
2024-12-26,2.9,3.07,2.89,3.03,2988549.0
2024-12-27,3.01,3.06,2.87,2.99,3384100.0
2024-12-30,2.95,2.9599,2.79,2.82,3283375.0
2024-12-31,2.81,2.945,2.81,2.93,1862585.0
2025-01-02,2.96,3.15,2.93,3.03,2639326.0
2025-01-03,3.05,3.17,3.025,3.13,2582685.0
2025-01-06,3.2,3.43,3.14,3.31,4585225.0
2025-01-07,3.41,3.465,3.26,3.28,4019485.0
2025-01-08,3.26,3.27,2.96,3.03,3607921.0
2025-01-10,2.98,2.99,2.8701,2.92,3363170.0
2025-01-13,2.98,3.01,2.81,3.0,4142688.0
2025-01-14,3.04,3.065,2.755,2.77,5688452.0
2025-01-15,2.85,3.09,2.845,2.96,4444804.0
2025-01-16,2.97,2.9968,2.81,2.94,2994263.0
2025-01-17,2.95,2.9987,2.92,2.97,1566453.0
2025-01-21,3.0,3.14,2.96,3.06,3697087.0
2025-01-22,3.1,3.68,3.06,3.53,11032556.0
2025-01-23,3.49,3.56,3.34,3.52,3918301.0
2025-01-24,3.56,3.61,3.44,3.48,4489688.0
2025-01-27,3.38,3.4599,3.265,3.36,4051043.0
2025-01-28,3.35,3.3763,3.165,3.3,3033434.0
2025-01-29,3.33,3.36,3.15,3.2,4077116.0
2025-01-30,3.25,3.31,3.19,3.23,2193494.0
2025-01-31,3.26,3.32,3.125,3.17,3081877.0
2025-02-03,3.01,3.11,2.955,3.08,4505673.0
2025-02-04,3.08,3.24,3.065,3.21,2274008.0
2025-02-05,3.23,3.4,3.18,3.38,4386246.0
2025-02-06,3.41,3.42,3.26,3.29,2574783.0
2025-02-07,3.27,3.315,3.05,3.1,3504006.0
2025-02-10,3.11,3.12,2.97,3.02,3326517.0
2025-02-11,3.018,3.02,2.9,2.95,3162703.0
2025-02-12,2.9,3.11,2.88,3.1,3017070.0
2025-02-13,3.12,3.15,3.02,3.14,4237988.0
2025-02-14,3.17,3.28,3.12,3.27,5965366.0
2025-02-18,3.42,3.6,3.39,3.43,8005633.0
2025-02-19,3.4,3.5497,3.29,3.47,5554787.0
2025-02-20,3.49,3.5,3.12,3.14,3443238.0
2025-02-21,3.23,3.2301,3.03,3.03,2369318.0
2025-02-24,3.03,3.04,2.89,2.99,5624753.0
2025-02-25,3.02,3.02,2.75,2.82,5553675.0
2025-02-26,2.855,2.995,2.84,2.92,3155832.0
2025-02-27,2.96,3.005,2.87,2.92,5424543.0
2025-02-28,2.72,2.72,2.31,2.585,9925645.0
2025-03-03,2.61,2.61,2.32,2.36,3730342.0
2025-03-04,2.34,2.39,2.2,2.34,5050019.0
2025-03-05,2.37,2.41,2.2623,2.39,4389316.0
2025-03-06,2.32,2.41,2.27,2.38,4597289.0
2025-03-07,2.38,2.4097,2.25,2.33,4304920.0
2025-03-10,2.33,2.33,2.17,2.2,5582234.0
2025-03-11,2.22,2.24,2.11,2.23,6103266.0
2025-03-12,2.3,2.36,2.26,2.35,2713462.0
2025-03-13,2.34,2.41,2.31,2.4,3165883.0
2025-03-14,2.45,2.595,2.45,2.52,4449697.0
2025-03-17,2.5,2.55,2.4001,2.54,4108536.0
2025-03-18,2.52,2.52,2.34,2.35,3366171.0
2025-03-19,2.33,2.43,2.32,2.39,3671762.0
2025-03-20,2.38,2.43,2.33,2.38,3311874.0
2025-03-21,2.37,2.47,2.32,2.44,3752478.0
2025-03-24,2.48,2.6,2.45,2.59,2747872.0
2025-03-25,2.6,2.6,2.45,2.53,4134138.0
2025-03-26,2.53,2.53,2.4,2.42,2968650.0
2025-03-27,2.42,2.42,2.29,2.36,2770526.0
2025-03-28,2.35,2.36,2.28,2.31,2460746.0
2025-03-31,2.22,2.26,2.17,2.23,3412944.0
2025-04-01,2.23,2.23,2.06,2.09,4288544.0
2025-04-02,2.08,2.24,2.02,2.22,4069633.0
2025-04-03,2.11,2.15,2.07,2.09,3142208.0
2025-04-04,2.02,2.1,1.93,2.09,4832360.0
2025-04-07,1.96,2.125,1.8906,2.05,6313792.0
2025-04-08,2.13,2.14,1.9,1.93,4052612.0
2025-04-09,1.92,2.23,1.905,2.17,5379673.0
2025-04-10,2.1,2.12,1.97,2.07,4878630.0
2025-04-11,2.14,2.41,2.07,2.4,5362449.0
2025-04-14,2.45,2.5,2.35,2.44,4151785.0
2025-04-15,2.42,2.5,2.34,2.43,5771466.0
2025-04-16,2.45,2.53,2.335,2.39,4423176.0
2025-04-17,2.37,2.44,2.33,2.42,2977230.0
2025-04-21,2.31,2.49,2.31,2.45,4389314.0
2025-04-22,2.46,2.53,2.46,2.52,3327479.0
2025-04-23,2.59,2.68,2.51,2.53,4427997.0
2025-04-24,2.54,2.6,2.5204,2.6,3785023.0
2025-04-25,2.56,2.64,2.54,2.57,2977157.0
2025-04-28,2.57,2.635,2.47,2.59,4346353.0
2025-04-29,2.59,2.63,2.54,2.55,3401149.0
2025-04-30,2.49,2.64,2.45,2.61,2687232.0
2025-05-01,2.6,2.625,2.48,2.49,3454321.0
2025-05-02,2.52,2.55,2.4,2.41,3285727.0
2025-05-05,2.4,2.4,2.18,2.19,4152645.0
2025-05-06,2.18,2.1892,1.99,2.03,5108084.0
2025-05-07,2.05,2.07,1.99,2.01,3234845.0
2025-05-08,2.05,2.06,1.98,2.01,6026798.0
2025-05-09,2.06,2.18,1.99,2.03,3991257.0
2025-05-12,2.12,2.1492,2.04,2.06,4396678.0
2025-05-13,2.07,2.12,1.95,2.1,17015917.0
2025-05-14,2.1,2.21,2.005,2.05,6614467.0
2025-05-15,2.04,2.06,1.96,2.02,3065606.0
2025-05-16,2.03,2.06,2.0,2.03,3386920.0
2025-05-19,2.0,2.04,1.98,2.02,2308815.0
2025-05-20,2.03,2.14,1.99,2.09,3934680.0
2025-05-21,2.07,2.09,1.97,1.99,2344342.0
2025-05-22,1.98,2.02,1.94,2.0,2431516.0
2025-05-23,1.95,1.99,1.94,1.97,1725039.0
2025-05-27,2.03,2.06,1.97,1.98,2117539.0
2025-05-28,2.0,2.07,1.965,2.04,2494437.0
2025-05-29,2.06,2.08,2.0,2.04,1635407.0
2025-05-30,2.04,2.04,1.98,2.02,2103828.0
2025-06-02,2.02,2.155,2.02,2.14,4035178.0
2025-06-03,2.12,2.34,2.09,2.31,5006292.0
2025-06-04,2.3,2.44,2.27,2.42,4070566.0
2025-06-05,2.43,2.44,2.33,2.37,4117872.0
2025-06-06,2.41,2.49,2.38,2.44,3804461.0
2025-06-09,2.49,2.53,2.45,2.51,4555296.0
2025-06-10,2.55,3.04,2.525,3.02,18779008.0
2025-06-11,3.5,3.57,3.14,3.23,20131996.0
2025-06-12,3.2,3.31,3.08,3.15,8049363.0
2025-06-13,3.0,3.23,2.98,3.2,7090663.0
2025-06-16,3.3,3.355,3.05,3.16,7296534.0
2025-06-17,3.16,3.355,3.11,3.12,7394201.0
2025-06-18,3.15,3.5,3.1,3.47,8696081.0
2025-06-20,3.5,3.5452,3.24,3.41,8763733.0
2025-06-23,3.3501,3.44,3.22,3.33,5319841.0
2025-06-24,3.35,3.77,3.35,3.68,8123027.0
2025-06-25,3.98,4.085,3.6,3.8,9939087.0
2025-06-26,3.8,3.87,3.7,3.74,4796254.0
2025-06-27,3.76,3.7896,3.52,3.61,6205021.0
2025-06-30,3.67,3.755,3.415,3.43,8490373.0
2025-07-01,3.38,3.52,3.28,3.49,7516284.0
2025-07-02,3.46,3.77,3.37,3.75,8663641.0
2025-07-03,3.77,3.81,3.66,3.8,1951532.0
2025-07-07,3.83,4.115,3.71,4.03,7354064.0
2025-07-08,4.05,4.06,3.83,3.89,5209001.0
2025-07-09,3.97,4.2864,3.9,4.22,6999857.0
2025-07-10,4.3,4.33,4.14,4.25,4258756.0
2025-07-11,4.26,4.27,3.995,4.01,5621146.0
2025-07-14,4.01,4.4,3.965,4.24,8068703.0
2025-07-15,4.405,4.4599,3.892,3.94,6802562.0
2025-07-16,3.985,4.1,3.91,4.06,7163588.0
2025-07-17,4.13,4.13,3.87,3.9,5800856.0
2025-07-18,3.945,4.7,3.94,4.48,11595408.0
